"district","crime_number","population","crime_rate"
"元朗",5811,652500,890.574712643678
"屯門",3658,500500,730.869130869131
"北區",2729,331200,823.973429951691
"西貢",4053,489800,827.480604328297
"沙田",6218,684300,908.665789858249
"荃灣",2873,307800,933.398310591293
"葵青",4466,482400,925.787728026534
"離島",1579,180100,876.735147140478
