"地區","band1_ratio","band2_ratio"
"元朗區",0.256410256410256,0.358974358974359
"北區",0.3,0.4
"大埔區",0.25,0.4
"屯門區",0.222222222222222,0.305555555555556
"沙田區",0.395348837209302,0.348837209302326
"荃灣區",0.307692307692308,0.307692307692308
"葵青區",0.290322580645161,0.387096774193548
"西貢區",0.384615384615385,0.346153846153846
"離島區",0,0.555555555555556
